<?xml version="1.0" standalone="yes"?>
<NewDataSet>
  <xs:schema id="NewDataSet" xmlns="" xmlns:xs="http://www.w3.org/2001/XMLSchema" xmlns:msdata="urn:schemas-microsoft-com:xml-msdata">
    <xs:element name="NewDataSet" msdata:IsDataSet="true">
      <xs:complexType>
        <xs:choice minOccurs="0" maxOccurs="unbounded">
          <xs:element name="MetaDataCollections" msdata:MinimumCapacity="9">
            <xs:complexType>
              <xs:sequence>
                <xs:element name="CollectionName" type="xs:string" minOccurs="0" />
                <xs:element name="NumberOfRestrictions" type="xs:int" minOccurs="0" />
                <xs:element name="NumberOfIdentifierParts" type="xs:int" minOccurs="0" />
                <xs:element name="PopulationMechanism" type="xs:string" minOccurs="0" />
                <xs:element name="PopulationString" type="xs:string" minOccurs="0" />
                <xs:element name="MinimumVersion" type="xs:string" minOccurs="0" />
                <xs:element name="MaximumVersion" type="xs:string" minOccurs="0" />
              </xs:sequence>
            </xs:complexType>
          </xs:element>
          <xs:element name="Restrictions" msdata:MinimumCapacity="3">
            <xs:complexType>
              <xs:sequence>
                <xs:element name="CollectionName" type="xs:string" minOccurs="0" />
                <xs:element name="RestrictionName" type="xs:string" minOccurs="0" />
                <xs:element name="RestrictionDefault" type="xs:string" minOccurs="0" />
                <xs:element name="RestrictionNumber" type="xs:int" minOccurs="0" />
                <xs:element name="MinimumVersion" type="xs:string" minOccurs="0" />
                <xs:element name="MaximumVersion" type="xs:string" minOccurs="0" />
              </xs:sequence>
            </xs:complexType>
          </xs:element>
          <xs:element name="DataSourceInformation" msdata:MinimumCapacity="18">
            <xs:complexType>
              <xs:sequence>
                <xs:element name="CompositeIdentifierSeparatorPattern" type="xs:string" minOccurs="0" />
                <xs:element name="DataSourceProductName" type="xs:string" minOccurs="0" />
                <xs:element name="DataSourceProductVersion" type="xs:string" minOccurs="0" />
                <xs:element name="DataSourceProductVersionNormalized" type="xs:string" minOccurs="0" />
                <xs:element name="GroupByBehavior" msdata:DataType="System.Data.Common.GroupByBehavior, System.Data, Version=2.0.3500.0, Culture=neutral, PublicKeyToken=b77a5c561934e089" type="xs:string" minOccurs="0" />
                <xs:element name="IdentifierPattern" type="xs:string" minOccurs="0" />
                <xs:element name="IdentifierCase" msdata:DataType="System.Data.Common.IdentifierCase, System.Data, Version=2.0.3500.0, Culture=neutral, PublicKeyToken=b77a5c561934e089" type="xs:string" minOccurs="0" />
                <xs:element name="OrderByColumnsInSelect" type="xs:boolean" minOccurs="0" />
                <xs:element name="ParameterMarkerFormat" type="xs:string" minOccurs="0" />
                <xs:element name="ParameterMarkerPattern" type="xs:string" minOccurs="0" />
                <xs:element name="ParameterNameMaxLength" type="xs:int" minOccurs="0" />
                <xs:element name="ParameterNamePattern" type="xs:string" minOccurs="0" />
                <xs:element name="QuotedIdentifierPattern" type="xs:string" minOccurs="0" />
                <xs:element name="QuotedIdentifierCase" msdata:DataType="System.Data.Common.IdentifierCase, System.Data, Version=2.0.3500.0, Culture=neutral, PublicKeyToken=b77a5c561934e089" type="xs:string" minOccurs="0" />
                <xs:element name="StatementSeparatorPattern" type="xs:string" minOccurs="0" />
                <xs:element name="StringLiteralPattern" type="xs:string" minOccurs="0" />
                <xs:element name="SupportedJoinOperators" msdata:DataType="System.Data.Common.SupportedJoinOperators, System.Data, Version=2.0.3600.0, Culture=neutral, PublicKeyToken=b77a5c561934e089" type="xs:string" minOccurs="0" />
              </xs:sequence>
            </xs:complexType>
          </xs:element>
          <xs:element name="DataTypes" msdata:MinimumCapacity="18">
            <xs:complexType>
              <xs:sequence>
                <xs:element name="TypeName" type="xs:string" minOccurs="0" />
                <xs:element name="ProviderDbType" type="xs:int" minOccurs="0" />
                <xs:element name="ColumnSize" type="xs:long" minOccurs="0" />
                <xs:element name="CreateFormat" type="xs:string" minOccurs="0" />
                <xs:element name="CreateParameters" type="xs:string" minOccurs="0" />
                <xs:element name="DataType" type="xs:string" minOccurs="0" />
                <xs:element name="IsAutoIncrementable" type="xs:boolean" minOccurs="0" />
                <xs:element name="IsBestMatch" type="xs:boolean" minOccurs="0" />
                <xs:element name="IsCaseSensitive" type="xs:boolean" minOccurs="0" />
                <xs:element name="IsFixedLength" type="xs:boolean" minOccurs="0" />
                <xs:element name="IsFixedPrecisionScale" type="xs:boolean" minOccurs="0" />
                <xs:element name="IsLong" type="xs:boolean" minOccurs="0" />
                <xs:element name="IsNullable" type="xs:boolean" minOccurs="0" />
                <xs:element name="IsSearchable" type="xs:boolean" minOccurs="0" />
                <xs:element name="IsSearchableWithLike" type="xs:boolean" minOccurs="0" />
                <xs:element name="IsUnsigned" type="xs:boolean" minOccurs="0" />
                <xs:element name="MaximumScale" type="xs:short" minOccurs="0" />
                <xs:element name="MinimumScale" type="xs:short" minOccurs="0" />
                <xs:element name="IsConcurrencyType" type="xs:boolean" minOccurs="0" />
                <xs:element name="MaximumVersion" type="xs:string" minOccurs="0" />
                <xs:element name="MinimumVersion" type="xs:string" minOccurs="0" />
                <xs:element name="IsLiteralSupported" type="xs:boolean" minOccurs="0" />
                <xs:element name="LiteralPrefix" type="xs:string" minOccurs="0" />
                <xs:element name="LiteralSuffix" type="xs:string" minOccurs="0" />
                <xs:element name="DbType" type="xs:int" minOccurs="0" />
              </xs:sequence>
            </xs:complexType>
          </xs:element>
          <xs:element name="ReservedWords" msdata:MinimumCapacity="3">
            <xs:complexType>
              <xs:sequence>
                <xs:element name="ReservedWord" type="xs:string" minOccurs="0" />
                <xs:element name="MaximumVersion" type="xs:string" minOccurs="0" />
                <xs:element name="MinimumVersion" type="xs:string" minOccurs="0" />
              </xs:sequence>
            </xs:complexType>
          </xs:element>
        </xs:choice>
      </xs:complexType>
    </xs:element>
  </xs:schema>
  <MetaDataCollections>
    <CollectionName>CharacterSets</CollectionName>
    <NumberOfRestrictions>3</NumberOfRestrictions>
    <NumberOfIdentifierParts>0</NumberOfIdentifierParts>
    <PopulationMechanism>PrepareCollection</PopulationMechanism>
  </MetaDataCollections>
  <MetaDataCollections>
    <CollectionName>CheckConstraints</CollectionName>
    <NumberOfRestrictions>3</NumberOfRestrictions>
    <NumberOfIdentifierParts>0</NumberOfIdentifierParts>
    <PopulationMechanism>PrepareCollection</PopulationMechanism>
  </MetaDataCollections>
  <MetaDataCollections>
    <CollectionName>CheckConstraintsByTable</CollectionName>
    <NumberOfRestrictions>3</NumberOfRestrictions>
    <NumberOfIdentifierParts>0</NumberOfIdentifierParts>
    <PopulationMechanism>PrepareCollection</PopulationMechanism>
  </MetaDataCollections>
  <MetaDataCollections>
    <CollectionName>Collations</CollectionName>
    <NumberOfRestrictions>3</NumberOfRestrictions>
    <NumberOfIdentifierParts>0</NumberOfIdentifierParts>
    <PopulationMechanism>PrepareCollection</PopulationMechanism>
  </MetaDataCollections>
  <MetaDataCollections>
    <CollectionName>ColumnPrivileges</CollectionName>
    <NumberOfRestrictions>6</NumberOfRestrictions>
    <NumberOfIdentifierParts>0</NumberOfIdentifierParts>
    <PopulationMechanism>PrepareCollection</PopulationMechanism>
  </MetaDataCollections>
  <MetaDataCollections>
    <CollectionName>Columns</CollectionName>
    <NumberOfRestrictions>4</NumberOfRestrictions>
    <NumberOfIdentifierParts>0</NumberOfIdentifierParts>
    <PopulationMechanism>PrepareCollection</PopulationMechanism>
  </MetaDataCollections>
  <MetaDataCollections>
    <CollectionName>DataSourceInformation</CollectionName>
    <NumberOfRestrictions>0</NumberOfRestrictions>
    <NumberOfIdentifierParts>0</NumberOfIdentifierParts>
    <PopulationMechanism>DataTable</PopulationMechanism>
    <PopulationString>DataSourceInformation</PopulationString>
  </MetaDataCollections>
  <MetaDataCollections>
    <CollectionName>DataTypes</CollectionName>
    <NumberOfRestrictions>0</NumberOfRestrictions>
    <NumberOfIdentifierParts>0</NumberOfIdentifierParts>
    <PopulationMechanism>DataTable</PopulationMechanism>
    <PopulationString>DataTypes</PopulationString>
  </MetaDataCollections>
  <MetaDataCollections>
    <CollectionName>Domains</CollectionName>
    <NumberOfRestrictions>3</NumberOfRestrictions>
    <NumberOfIdentifierParts>0</NumberOfIdentifierParts>
    <PopulationMechanism>PrepareCollection</PopulationMechanism>
  </MetaDataCollections>
  <MetaDataCollections>
    <CollectionName>ForeignKeyColumns</CollectionName>
    <NumberOfRestrictions>5</NumberOfRestrictions>
    <NumberOfIdentifierParts>0</NumberOfIdentifierParts>
    <PopulationMechanism>PrepareCollection</PopulationMechanism>
  </MetaDataCollections>
  <MetaDataCollections>
    <CollectionName>ForeignKeys</CollectionName>
    <NumberOfRestrictions>4</NumberOfRestrictions>
    <NumberOfIdentifierParts>0</NumberOfIdentifierParts>
    <PopulationMechanism>PrepareCollection</PopulationMechanism>
  </MetaDataCollections>
  <MetaDataCollections>
    <CollectionName>Functions</CollectionName>
    <NumberOfRestrictions>4</NumberOfRestrictions>
    <NumberOfIdentifierParts>0</NumberOfIdentifierParts>
    <PopulationMechanism>PrepareCollection</PopulationMechanism>
  </MetaDataCollections>
  <MetaDataCollections>
    <CollectionName>Generators</CollectionName>
    <NumberOfRestrictions>4</NumberOfRestrictions>
    <NumberOfIdentifierParts>0</NumberOfIdentifierParts>
    <PopulationMechanism>PrepareCollection</PopulationMechanism>
  </MetaDataCollections>
  <MetaDataCollections>
    <CollectionName>IndexColumns</CollectionName>
    <NumberOfRestrictions>5</NumberOfRestrictions>
    <NumberOfIdentifierParts>0</NumberOfIdentifierParts>
    <PopulationMechanism>PrepareCollection</PopulationMechanism>
  </MetaDataCollections>
  <MetaDataCollections>
    <CollectionName>Indexes</CollectionName>
    <NumberOfRestrictions>4</NumberOfRestrictions>
    <NumberOfIdentifierParts>0</NumberOfIdentifierParts>
    <PopulationMechanism>PrepareCollection</PopulationMechanism>
  </MetaDataCollections>
  <MetaDataCollections>
    <CollectionName>MetaDataCollections</CollectionName>
    <NumberOfRestrictions>0</NumberOfRestrictions>
    <NumberOfIdentifierParts>0</NumberOfIdentifierParts>
    <PopulationMechanism>DataTable</PopulationMechanism>
    <PopulationString>MetaDataCollections</PopulationString>
  </MetaDataCollections>
  <MetaDataCollections>
    <CollectionName>PrimaryKeys</CollectionName>
    <NumberOfRestrictions>3</NumberOfRestrictions>
    <NumberOfIdentifierParts>0</NumberOfIdentifierParts>
    <PopulationMechanism>PrepareCollection</PopulationMechanism>
  </MetaDataCollections>
  <MetaDataCollections>
    <CollectionName>ProcedureParameters</CollectionName>
    <NumberOfRestrictions>4</NumberOfRestrictions>
    <NumberOfIdentifierParts>0</NumberOfIdentifierParts>
    <PopulationMechanism>PrepareCollection</PopulationMechanism>
  </MetaDataCollections>
  <MetaDataCollections>
    <CollectionName>ProcedurePrivileges</CollectionName>
    <NumberOfRestrictions>5</NumberOfRestrictions>
    <NumberOfIdentifierParts>0</NumberOfIdentifierParts>
    <PopulationMechanism>PrepareCollection</PopulationMechanism>
  </MetaDataCollections>
  <MetaDataCollections>
    <CollectionName>Procedures</CollectionName>
    <NumberOfRestrictions>3</NumberOfRestrictions>
    <NumberOfIdentifierParts>0</NumberOfIdentifierParts>
    <PopulationMechanism>PrepareCollection</PopulationMechanism>
  </MetaDataCollections>
  <MetaDataCollections>
    <CollectionName>ReservedWords</CollectionName>
    <NumberOfRestrictions>0</NumberOfRestrictions>
    <NumberOfIdentifierParts>0</NumberOfIdentifierParts>
    <PopulationMechanism>DataTable</PopulationMechanism>
    <PopulationString>ReservedWords</PopulationString>
  </MetaDataCollections>
  <MetaDataCollections>
    <CollectionName>Restrictions</CollectionName>
    <NumberOfRestrictions>0</NumberOfRestrictions>
    <NumberOfIdentifierParts>0</NumberOfIdentifierParts>
    <PopulationMechanism>DataTable</PopulationMechanism>
    <PopulationString>Restrictions</PopulationString>
  </MetaDataCollections>
  <MetaDataCollections>
    <CollectionName>Roles</CollectionName>
    <NumberOfRestrictions>1</NumberOfRestrictions>
    <NumberOfIdentifierParts>0</NumberOfIdentifierParts>
    <PopulationMechanism>PrepareCollection</PopulationMechanism>
  </MetaDataCollections>
  <MetaDataCollections>
    <CollectionName>Tables</CollectionName>
    <NumberOfRestrictions>4</NumberOfRestrictions>
    <NumberOfIdentifierParts>0</NumberOfIdentifierParts>
    <PopulationMechanism>PrepareCollection</PopulationMechanism>
  </MetaDataCollections>
  <MetaDataCollections>
    <CollectionName>TableConstraints</CollectionName>
    <NumberOfRestrictions>7</NumberOfRestrictions>
    <NumberOfIdentifierParts>0</NumberOfIdentifierParts>
    <PopulationMechanism>PrepareCollection</PopulationMechanism>
  </MetaDataCollections>
  <MetaDataCollections>
    <CollectionName>TablePrivileges</CollectionName>
    <NumberOfRestrictions>5</NumberOfRestrictions>
    <NumberOfIdentifierParts>0</NumberOfIdentifierParts>
    <PopulationMechanism>PrepareCollection</PopulationMechanism>
  </MetaDataCollections>
  <MetaDataCollections>
    <CollectionName>Triggers</CollectionName>
    <NumberOfRestrictions>4</NumberOfRestrictions>
    <NumberOfIdentifierParts>0</NumberOfIdentifierParts>
    <PopulationMechanism>PrepareCollection</PopulationMechanism>
  </MetaDataCollections>
  <MetaDataCollections>
    <CollectionName>UniqueKeys</CollectionName>
    <NumberOfRestrictions>3</NumberOfRestrictions>
    <NumberOfIdentifierParts>0</NumberOfIdentifierParts>
    <PopulationMechanism>PrepareCollection</PopulationMechanism>
  </MetaDataCollections>
  <MetaDataCollections>
    <CollectionName>ViewColumns</CollectionName>
    <NumberOfRestrictions>4</NumberOfRestrictions>
    <NumberOfIdentifierParts>0</NumberOfIdentifierParts>
    <PopulationMechanism>PrepareCollection</PopulationMechanism>
  </MetaDataCollections>
  <MetaDataCollections>
    <CollectionName>ViewPrivileges</CollectionName>
    <NumberOfRestrictions>5</NumberOfRestrictions>
    <NumberOfIdentifierParts>0</NumberOfIdentifierParts>
    <PopulationMechanism>PrepareCollection</PopulationMechanism>
  </MetaDataCollections>
  <MetaDataCollections>
    <CollectionName>Views</CollectionName>
    <NumberOfRestrictions>3</NumberOfRestrictions>
    <NumberOfIdentifierParts>0</NumberOfIdentifierParts>
    <PopulationMechanism>PrepareCollection</PopulationMechanism>
  </MetaDataCollections>
  <Restrictions>
    <CollectionName>CharacterSets</CollectionName>
    <RestrictionName>Catalog</RestrictionName>
    <RestrictionDefault>table_catalog</RestrictionDefault>
    <RestrictionNumber>1</RestrictionNumber>
  </Restrictions>
  <Restrictions>
    <CollectionName>CharacterSets</CollectionName>
    <RestrictionName>Schema</RestrictionName>
    <RestrictionDefault>table_schema</RestrictionDefault>
    <RestrictionNumber>2</RestrictionNumber>
  </Restrictions>
  <Restrictions>
    <CollectionName>CharacterSets</CollectionName>
    <RestrictionName>Name</RestrictionName>
    <RestrictionDefault>character_set_name</RestrictionDefault>
    <RestrictionNumber>3</RestrictionNumber>
  </Restrictions>
  <Restrictions>
    <CollectionName>CheckConstraints</CollectionName>
    <RestrictionName>Catalog</RestrictionName>
    <RestrictionDefault>constraint_catalog</RestrictionDefault>
    <RestrictionNumber>1</RestrictionNumber>
  </Restrictions>
  <Restrictions>
    <CollectionName>CheckConstraints</CollectionName>
    <RestrictionName>Schema</RestrictionName>
    <RestrictionDefault>constraint_schema</RestrictionDefault>
    <RestrictionNumber>2</RestrictionNumber>
  </Restrictions>
  <Restrictions>
    <CollectionName>CheckConstraints</CollectionName>
    <RestrictionName>Name</RestrictionName>
    <RestrictionDefault>constraint_name</RestrictionDefault>
    <RestrictionNumber>3</RestrictionNumber>
  </Restrictions>
  <Restrictions>
    <CollectionName>CheckConstraintsByTable</CollectionName>
    <RestrictionName>Catalog</RestrictionName>
    <RestrictionDefault>constraint_catalog</RestrictionDefault>
    <RestrictionNumber>1</RestrictionNumber>
  </Restrictions>
  <Restrictions>
    <CollectionName>CheckConstraintsByTable</CollectionName>
    <RestrictionName>Schema</RestrictionName>
    <RestrictionDefault>constraint_schema</RestrictionDefault>
    <RestrictionNumber>2</RestrictionNumber>
  </Restrictions>
  <Restrictions>
    <CollectionName>CheckConstraintsByTable</CollectionName>
    <RestrictionName>Name</RestrictionName>
    <RestrictionDefault>constraint_name</RestrictionDefault>
    <RestrictionNumber>3</RestrictionNumber>
  </Restrictions>
  <Restrictions>
    <CollectionName>Collations</CollectionName>
    <RestrictionName>Catalog</RestrictionName>
    <RestrictionDefault>collation_catalog</RestrictionDefault>
    <RestrictionNumber>1</RestrictionNumber>
  </Restrictions>
  <Restrictions>
    <CollectionName>Collations</CollectionName>
    <RestrictionName>Schema</RestrictionName>
    <RestrictionDefault>collation_schema</RestrictionDefault>
    <RestrictionNumber>2</RestrictionNumber>
  </Restrictions>
  <Restrictions>
    <CollectionName>Collations</CollectionName>
    <RestrictionName>Name</RestrictionName>
    <RestrictionDefault>collation_name</RestrictionDefault>
    <RestrictionNumber>3</RestrictionNumber>
  </Restrictions>
  <Restrictions>
    <CollectionName>ColumnPrivileges</CollectionName>
    <RestrictionName>TableCatalog</RestrictionName>
    <RestrictionDefault>table_catalog</RestrictionDefault>
    <RestrictionNumber>1</RestrictionNumber>
  </Restrictions>
  <Restrictions>
    <CollectionName>ColumnPrivileges</CollectionName>
    <RestrictionName>TableSchema</RestrictionName>
    <RestrictionDefault>table_schema</RestrictionDefault>
    <RestrictionNumber>2</RestrictionNumber>
  </Restrictions>
  <Restrictions>
    <CollectionName>ColumnPrivileges</CollectionName>
    <RestrictionName>TableName</RestrictionName>
    <RestrictionDefault>table_name</RestrictionDefault>
    <RestrictionNumber>3</RestrictionNumber>
  </Restrictions>
  <Restrictions>
    <CollectionName>ColumnPrivileges</CollectionName>
    <RestrictionName>ColumnName</RestrictionName>
    <RestrictionDefault>column_name</RestrictionDefault>
    <RestrictionNumber>4</RestrictionNumber>
  </Restrictions>
  <Restrictions>
    <CollectionName>ColumnPrivileges</CollectionName>
    <RestrictionName>Grantor</RestrictionName>
    <RestrictionDefault>grantor</RestrictionDefault>
    <RestrictionNumber>5</RestrictionNumber>
  </Restrictions>
  <Restrictions>
    <CollectionName>ColumnPrivileges</CollectionName>
    <RestrictionName>Grantee</RestrictionName>
    <RestrictionDefault>grantee</RestrictionDefault>
    <RestrictionNumber>6</RestrictionNumber>
  </Restrictions>
  <Restrictions>
    <CollectionName>Columns</CollectionName>
    <RestrictionName>TableCatalog</RestrictionName>
    <RestrictionDefault>table_catalog</RestrictionDefault>
    <RestrictionNumber>1</RestrictionNumber>
  </Restrictions>
  <Restrictions>
    <CollectionName>Columns</CollectionName>
    <RestrictionName>TableSchema</RestrictionName>
    <RestrictionDefault>table_schema</RestrictionDefault>
    <RestrictionNumber>2</RestrictionNumber>
  </Restrictions>
  <Restrictions>
    <CollectionName>Columns</CollectionName>
    <RestrictionName>TableName</RestrictionName>
    <RestrictionDefault>table_name</RestrictionDefault>
    <RestrictionNumber>3</RestrictionNumber>
  </Restrictions>
  <Restrictions>
    <CollectionName>Columns</CollectionName>
    <RestrictionName>ColumnName</RestrictionName>
    <RestrictionDefault>column_name</RestrictionDefault>
    <RestrictionNumber>4</RestrictionNumber>
  </Restrictions>
  <Restrictions>
    <CollectionName>Domains</CollectionName>
    <RestrictionName>Catalog</RestrictionName>
    <RestrictionDefault>domain_catalog</RestrictionDefault>
    <RestrictionNumber>1</RestrictionNumber>
  </Restrictions>
  <Restrictions>
    <CollectionName>Domains</CollectionName>
    <RestrictionName>Schema</RestrictionName>
    <RestrictionDefault>domain_schema</RestrictionDefault>
    <RestrictionNumber>2</RestrictionNumber>
  </Restrictions>
  <Restrictions>
    <CollectionName>Domains</CollectionName>
    <RestrictionName>Name</RestrictionName>
    <RestrictionDefault>domain_name</RestrictionDefault>
    <RestrictionNumber>3</RestrictionNumber>
  </Restrictions>
  <Restrictions>
    <CollectionName>ForeignKeys</CollectionName>
    <RestrictionName>ConstraintCatalog</RestrictionName>
    <RestrictionDefault>constraint_catalog</RestrictionDefault>
    <RestrictionNumber>1</RestrictionNumber>
  </Restrictions>
  <Restrictions>
    <CollectionName>ForeignKeys</CollectionName>
    <RestrictionName>ConstraintSchema</RestrictionName>
    <RestrictionDefault>constraint_schema</RestrictionDefault>
    <RestrictionNumber>2</RestrictionNumber>
  </Restrictions>
  <Restrictions>
    <CollectionName>ForeignKeys</CollectionName>
    <RestrictionName>TableName</RestrictionName>
    <RestrictionDefault>table_name</RestrictionDefault>
    <RestrictionNumber>3</RestrictionNumber>
  </Restrictions>
  <Restrictions>
    <CollectionName>ForeignKeys</CollectionName>
    <RestrictionName>ConstraintName</RestrictionName>
    <RestrictionDefault>constraint_name</RestrictionDefault>
    <RestrictionNumber>4</RestrictionNumber>
  </Restrictions>
  <Restrictions>
    <CollectionName>ForeignKeyColumns</CollectionName>
    <RestrictionName>ConstraintCatalog</RestrictionName>
    <RestrictionDefault>constraint_catalog</RestrictionDefault>
    <RestrictionNumber>1</RestrictionNumber>
  </Restrictions>
  <Restrictions>
    <CollectionName>ForeignKeyColumns</CollectionName>
    <RestrictionName>ConstraintSchema</RestrictionName>
    <RestrictionDefault>constraint_schema</RestrictionDefault>
    <RestrictionNumber>2</RestrictionNumber>
  </Restrictions>
  <Restrictions>
    <CollectionName>ForeignKeyColumns</CollectionName>
    <RestrictionName>TableName</RestrictionName>
    <RestrictionDefault>table_name</RestrictionDefault>
    <RestrictionNumber>3</RestrictionNumber>
  </Restrictions>
  <Restrictions>
    <CollectionName>ForeignKeyColumns</CollectionName>
    <RestrictionName>ConstraintName</RestrictionName>
    <RestrictionDefault>constraint_name</RestrictionDefault>
    <RestrictionNumber>4</RestrictionNumber>
  </Restrictions>
  <Restrictions>
    <CollectionName>ForeignKeyColumns</CollectionName>
    <RestrictionName>ColumnName</RestrictionName>
    <RestrictionDefault>column_name</RestrictionDefault>
    <RestrictionNumber>5</RestrictionNumber>
  </Restrictions>
  <Restrictions>
    <CollectionName>Functions</CollectionName>
    <RestrictionName>Catalog</RestrictionName>
    <RestrictionDefault>function_catalog</RestrictionDefault>
    <RestrictionNumber>1</RestrictionNumber>
  </Restrictions>
  <Restrictions>
    <CollectionName>Functions</CollectionName>
    <RestrictionName>Schema</RestrictionName>
    <RestrictionDefault>function_schema</RestrictionDefault>
    <RestrictionNumber>2</RestrictionNumber>
  </Restrictions>
  <Restrictions>
    <CollectionName>Functions</CollectionName>
    <RestrictionName>Name</RestrictionName>
    <RestrictionDefault>function_name</RestrictionDefault>
    <RestrictionNumber>3</RestrictionNumber>
  </Restrictions>
  <Restrictions>
    <CollectionName>Functions</CollectionName>
    <RestrictionName>IsSystemFunction</RestrictionName>
    <RestrictionDefault>is_system_function</RestrictionDefault>
    <RestrictionNumber>4</RestrictionNumber>
  </Restrictions>
  <Restrictions>
    <CollectionName>Generators</CollectionName>
    <RestrictionName>Catalog</RestrictionName>
    <RestrictionDefault>generator_catalog</RestrictionDefault>
    <RestrictionNumber>1</RestrictionNumber>
  </Restrictions>
  <Restrictions>
    <CollectionName>Generators</CollectionName>
    <RestrictionName>Schema</RestrictionName>
    <RestrictionDefault>generator_schema</RestrictionDefault>
    <RestrictionNumber>2</RestrictionNumber>
  </Restrictions>
  <Restrictions>
    <CollectionName>Generators</CollectionName>
    <RestrictionName>Name</RestrictionName>
    <RestrictionDefault>generator_name</RestrictionDefault>
    <RestrictionNumber>3</RestrictionNumber>
  </Restrictions>
  <Restrictions>
    <CollectionName>Generators</CollectionName>
    <RestrictionName>IsSystemGenerator</RestrictionName>
    <RestrictionDefault>is_system_generator</RestrictionDefault>
    <RestrictionNumber>4</RestrictionNumber>
  </Restrictions>
  <Restrictions>
    <CollectionName>IndexColumns</CollectionName>
    <RestrictionName>TableCatalog</RestrictionName>
    <RestrictionDefault>table_catalog</RestrictionDefault>
    <RestrictionNumber>1</RestrictionNumber>
  </Restrictions>
  <Restrictions>
    <CollectionName>IndexColumns</CollectionName>
    <RestrictionName>TableSchema</RestrictionName>
    <RestrictionDefault>table_schema</RestrictionDefault>
    <RestrictionNumber>2</RestrictionNumber>
  </Restrictions>
  <Restrictions>
    <CollectionName>IndexColumns</CollectionName>
    <RestrictionName>TableName</RestrictionName>
    <RestrictionDefault>table_name</RestrictionDefault>
    <RestrictionNumber>3</RestrictionNumber>
  </Restrictions>
  <Restrictions>
    <CollectionName>IndexColumns</CollectionName>
    <RestrictionName>IndexName</RestrictionName>
    <RestrictionDefault>index_name</RestrictionDefault>
    <RestrictionNumber>4</RestrictionNumber>
  </Restrictions>
  <Restrictions>
    <CollectionName>IndexColumns</CollectionName>
    <RestrictionName>ColumnName</RestrictionName>
    <RestrictionDefault>column_name</RestrictionDefault>
    <RestrictionNumber>5</RestrictionNumber>
  </Restrictions>
  <Restrictions>
    <CollectionName>Indexes</CollectionName>
    <RestrictionName>TableCatalog</RestrictionName>
    <RestrictionDefault>table_catalog</RestrictionDefault>
    <RestrictionNumber>1</RestrictionNumber>
  </Restrictions>
  <Restrictions>
    <CollectionName>Indexes</CollectionName>
    <RestrictionName>TableSchema</RestrictionName>
    <RestrictionDefault>table_schema</RestrictionDefault>
    <RestrictionNumber>2</RestrictionNumber>
  </Restrictions>
  <Restrictions>
    <CollectionName>Indexes</CollectionName>
    <RestrictionName>TableName</RestrictionName>
    <RestrictionDefault>table_name</RestrictionDefault>
    <RestrictionNumber>3</RestrictionNumber>
  </Restrictions>
  <Restrictions>
    <CollectionName>Indexes</CollectionName>
    <RestrictionName>IndexName</RestrictionName>
    <RestrictionDefault>index_name</RestrictionDefault>
    <RestrictionNumber>4</RestrictionNumber>
  </Restrictions>
  <Restrictions>
    <CollectionName>PrimaryKeys</CollectionName>
    <RestrictionName>TableCatalog</RestrictionName>
    <RestrictionDefault>table_catalog</RestrictionDefault>
    <RestrictionNumber>1</RestrictionNumber>
  </Restrictions>
  <Restrictions>
    <CollectionName>PrimaryKeys</CollectionName>
    <RestrictionName>TableSchema</RestrictionName>
    <RestrictionDefault>table_schema</RestrictionDefault>
    <RestrictionNumber>2</RestrictionNumber>
  </Restrictions>
  <Restrictions>
    <CollectionName>PrimaryKeys</CollectionName>
    <RestrictionName>TableName</RestrictionName>
    <RestrictionDefault>table_name</RestrictionDefault>
    <RestrictionNumber>3</RestrictionNumber>
  </Restrictions>
  <Restrictions>
    <CollectionName>ProcedureParameters</CollectionName>
    <RestrictionName>ProcedureCatalog</RestrictionName>
    <RestrictionDefault>procedure_catalog</RestrictionDefault>
    <RestrictionNumber>1</RestrictionNumber>
  </Restrictions>
  <Restrictions>
    <CollectionName>ProcedureParameters</CollectionName>
    <RestrictionName>ProcedureSchema</RestrictionName>
    <RestrictionDefault>procedure_schema</RestrictionDefault>
    <RestrictionNumber>2</RestrictionNumber>
  </Restrictions>
  <Restrictions>
    <CollectionName>ProcedureParameters</CollectionName>
    <RestrictionName>ProcedureName</RestrictionName>
    <RestrictionDefault>procedure_name</RestrictionDefault>
    <RestrictionNumber>3</RestrictionNumber>
  </Restrictions>
  <Restrictions>
    <CollectionName>ProcedureParameters</CollectionName>
    <RestrictionName>Name</RestrictionName>
    <RestrictionDefault>procedure_parameter</RestrictionDefault>
    <RestrictionNumber>4</RestrictionNumber>
  </Restrictions>
  <Restrictions>
    <CollectionName>ProcedurePrivileges</CollectionName>
    <RestrictionName>ProcedureCatalog</RestrictionName>
    <RestrictionDefault>procedure_catalog</RestrictionDefault>
    <RestrictionNumber>1</RestrictionNumber>
  </Restrictions>
  <Restrictions>
    <CollectionName>ProcedurePrivileges</CollectionName>
    <RestrictionName>ProcedureSchema</RestrictionName>
    <RestrictionDefault>procedure_schema</RestrictionDefault>
    <RestrictionNumber>2</RestrictionNumber>
  </Restrictions>
  <Restrictions>
    <CollectionName>ProcedurePrivileges</CollectionName>
    <RestrictionName>ProcedureName</RestrictionName>
    <RestrictionDefault>procedure_name</RestrictionDefault>
    <RestrictionNumber>3</RestrictionNumber>
  </Restrictions>
  <Restrictions>
    <CollectionName>ProcedurePrivileges</CollectionName>
    <RestrictionName>Grantor</RestrictionName>
    <RestrictionDefault>grantor</RestrictionDefault>
    <RestrictionNumber>4</RestrictionNumber>
  </Restrictions>
  <Restrictions>
    <CollectionName>ProcedurePrivileges</CollectionName>
    <RestrictionName>Grantee</RestrictionName>
    <RestrictionDefault>grantee</RestrictionDefault>
    <RestrictionNumber>5</RestrictionNumber>
  </Restrictions>
  <Restrictions>
    <CollectionName>Procedures</CollectionName>
    <RestrictionName>ProcedureCatalog</RestrictionName>
    <RestrictionDefault>procedure_catalog</RestrictionDefault>
    <RestrictionNumber>1</RestrictionNumber>
  </Restrictions>
  <Restrictions>
    <CollectionName>Procedures</CollectionName>
    <RestrictionName>ProcedureSchema</RestrictionName>
    <RestrictionDefault>procedure_schema</RestrictionDefault>
    <RestrictionNumber>2</RestrictionNumber>
  </Restrictions>
  <Restrictions>
    <CollectionName>Procedures</CollectionName>
    <RestrictionName>Name</RestrictionName>
    <RestrictionDefault>procedure_name</RestrictionDefault>
    <RestrictionNumber>3</RestrictionNumber>
  </Restrictions>
  <Restrictions>
    <CollectionName>Roles</CollectionName>
    <RestrictionName>Name</RestrictionName>
    <RestrictionDefault>role_name</RestrictionDefault>
    <RestrictionNumber>1</RestrictionNumber>
  </Restrictions>
  <Restrictions>
    <CollectionName>TableConstraints</CollectionName>
    <RestrictionName>ConstraintCatalog</RestrictionName>
    <RestrictionDefault>constraint_catalog</RestrictionDefault>
    <RestrictionNumber>1</RestrictionNumber>
  </Restrictions>
  <Restrictions>
    <CollectionName>TableConstraints</CollectionName>
    <RestrictionName>ConstraintSchema</RestrictionName>
    <RestrictionDefault>constraint_schema</RestrictionDefault>
    <RestrictionNumber>2</RestrictionNumber>
  </Restrictions>
  <Restrictions>
    <CollectionName>TableConstraints</CollectionName>
    <RestrictionName>ConstraintName</RestrictionName>
    <RestrictionDefault>constraint_name</RestrictionDefault>
    <RestrictionNumber>3</RestrictionNumber>
  </Restrictions>
  <Restrictions>
    <CollectionName>TableConstraints</CollectionName>
    <RestrictionName>TableCatalog</RestrictionName>
    <RestrictionDefault>table_catalog</RestrictionDefault>
    <RestrictionNumber>4</RestrictionNumber>
  </Restrictions>
  <Restrictions>
    <CollectionName>TableConstraints</CollectionName>
    <RestrictionName>TableSchema</RestrictionName>
    <RestrictionDefault>table_schema</RestrictionDefault>
    <RestrictionNumber>5</RestrictionNumber>
  </Restrictions>
  <Restrictions>
    <CollectionName>TableConstraints</CollectionName>
    <RestrictionName>TableName</RestrictionName>
    <RestrictionDefault>table_name</RestrictionDefault>
    <RestrictionNumber>6</RestrictionNumber>
  </Restrictions>
  <Restrictions>
    <CollectionName>TableConstraints</CollectionName>
    <RestrictionName>ConstraintType</RestrictionName>
    <RestrictionDefault>constraint_type</RestrictionDefault>
    <RestrictionNumber>7</RestrictionNumber>
  </Restrictions>
  <Restrictions>
    <CollectionName>TablePrivileges</CollectionName>
    <RestrictionName>TableCatalog</RestrictionName>
    <RestrictionDefault>table_catalog</RestrictionDefault>
    <RestrictionNumber>1</RestrictionNumber>
  </Restrictions>
  <Restrictions>
    <CollectionName>TablePrivileges</CollectionName>
    <RestrictionName>TableSchema</RestrictionName>
    <RestrictionDefault>table_schema</RestrictionDefault>
    <RestrictionNumber>2</RestrictionNumber>
  </Restrictions>
  <Restrictions>
    <CollectionName>TablePrivileges</CollectionName>
    <RestrictionName>TableName</RestrictionName>
    <RestrictionDefault>table_name</RestrictionDefault>
    <RestrictionNumber>3</RestrictionNumber>
  </Restrictions>
  <Restrictions>
    <CollectionName>TablePrivileges</CollectionName>
    <RestrictionName>Grantor</RestrictionName>
    <RestrictionDefault>grantor</RestrictionDefault>
    <RestrictionNumber>4</RestrictionNumber>
  </Restrictions>
  <Restrictions>
    <CollectionName>TablePrivileges</CollectionName>
    <RestrictionName>Grantee</RestrictionName>
    <RestrictionDefault>grantee</RestrictionDefault>
    <RestrictionNumber>5</RestrictionNumber>
  </Restrictions>
  <Restrictions>
    <CollectionName>Tables</CollectionName>
    <RestrictionName>Catalog</RestrictionName>
    <RestrictionDefault>table_catalog</RestrictionDefault>
    <RestrictionNumber>1</RestrictionNumber>
  </Restrictions>
  <Restrictions>
    <CollectionName>Tables</CollectionName>
    <RestrictionName>Schema</RestrictionName>
    <RestrictionDefault>table_schema</RestrictionDefault>
    <RestrictionNumber>2</RestrictionNumber>
  </Restrictions>
  <Restrictions>
    <CollectionName>Tables</CollectionName>
    <RestrictionName>Name</RestrictionName>
    <RestrictionDefault>table_name</RestrictionDefault>
    <RestrictionNumber>3</RestrictionNumber>
  </Restrictions>
  <Restrictions>
    <CollectionName>Tables</CollectionName>
    <RestrictionName>TableType</RestrictionName>
    <RestrictionDefault>table_type</RestrictionDefault>
    <RestrictionNumber>4</RestrictionNumber>
  </Restrictions>
  <Restrictions>
    <CollectionName>Triggers</CollectionName>
    <RestrictionName>TableCatalog</RestrictionName>
    <RestrictionDefault>table_catalog</RestrictionDefault>
    <RestrictionNumber>1</RestrictionNumber>
  </Restrictions>
  <Restrictions>
    <CollectionName>Triggers</CollectionName>
    <RestrictionName>TableSchema</RestrictionName>
    <RestrictionDefault>table_schema</RestrictionDefault>
    <RestrictionNumber>2</RestrictionNumber>
  </Restrictions>
  <Restrictions>
    <CollectionName>Triggers</CollectionName>
    <RestrictionName>TableName</RestrictionName>
    <RestrictionDefault>table_name</RestrictionDefault>
    <RestrictionNumber>3</RestrictionNumber>
  </Restrictions>
  <Restrictions>
    <CollectionName>Triggers</CollectionName>
    <RestrictionName>Name</RestrictionName>
    <RestrictionDefault>trigger_name</RestrictionDefault>
    <RestrictionNumber>4</RestrictionNumber>
  </Restrictions>
  <Restrictions>
    <CollectionName>UniqueKeys</CollectionName>
    <RestrictionName>TableCatalog</RestrictionName>
    <RestrictionDefault>table_catalog</RestrictionDefault>
    <RestrictionNumber>1</RestrictionNumber>
  </Restrictions>
  <Restrictions>
    <CollectionName>UniqueKeys</CollectionName>
    <RestrictionName>TableSchema</RestrictionName>
    <RestrictionDefault>table_schema</RestrictionDefault>
    <RestrictionNumber>2</RestrictionNumber>
  </Restrictions>
  <Restrictions>
    <CollectionName>UniqueKeys</CollectionName>
    <RestrictionName>TableName</RestrictionName>
    <RestrictionDefault>table_name</RestrictionDefault>
    <RestrictionNumber>3</RestrictionNumber>
  </Restrictions>
  <Restrictions>
    <CollectionName>ViewColumns</CollectionName>
    <RestrictionName>ViewCatalog</RestrictionName>
    <RestrictionDefault>view_catalog</RestrictionDefault>
    <RestrictionNumber>1</RestrictionNumber>
  </Restrictions>
  <Restrictions>
    <CollectionName>ViewColumns</CollectionName>
    <RestrictionName>ViewSchema</RestrictionName>
    <RestrictionDefault>view_schema</RestrictionDefault>
    <RestrictionNumber>2</RestrictionNumber>
  </Restrictions>
  <Restrictions>
    <CollectionName>ViewColumns</CollectionName>
    <RestrictionName>ViewName</RestrictionName>
    <RestrictionDefault>view_name</RestrictionDefault>
    <RestrictionNumber>3</RestrictionNumber>
  </Restrictions>
  <Restrictions>
    <CollectionName>ViewColumns</CollectionName>
    <RestrictionName>ColumnName</RestrictionName>
    <RestrictionDefault>column_name</RestrictionDefault>
    <RestrictionNumber>4</RestrictionNumber>
  </Restrictions>
  <Restrictions>
    <CollectionName>ViewPrivileges</CollectionName>
    <RestrictionName>ViewCatalog</RestrictionName>
    <RestrictionDefault>view_catalog</RestrictionDefault>
    <RestrictionNumber>1</RestrictionNumber>
  </Restrictions>
  <Restrictions>
    <CollectionName>ViewPrivileges</CollectionName>
    <RestrictionName>ViewSchema</RestrictionName>
    <RestrictionDefault>view_schema</RestrictionDefault>
    <RestrictionNumber>2</RestrictionNumber>
  </Restrictions>
  <Restrictions>
    <CollectionName>ViewPrivileges</CollectionName>
    <RestrictionName>ViewName</RestrictionName>
    <RestrictionDefault>view_name</RestrictionDefault>
    <RestrictionNumber>3</RestrictionNumber>
  </Restrictions>
  <Restrictions>
    <CollectionName>ViewPrivileges</CollectionName>
    <RestrictionName>Grantor</RestrictionName>
    <RestrictionDefault>grantor</RestrictionDefault>
    <RestrictionNumber>4</RestrictionNumber>
  </Restrictions>
  <Restrictions>
    <CollectionName>ViewPrivileges</CollectionName>
    <RestrictionName>Grantee</RestrictionName>
    <RestrictionDefault>grantee</RestrictionDefault>
    <RestrictionNumber>5</RestrictionNumber>
  </Restrictions>
  <Restrictions>
    <CollectionName>namespace Framework.Traces</CollectionName>
    <RestrictionName>ViewCatalog</RestrictionName>
    <RestrictionDefault>view_catalog</RestrictionDefault>
    <RestrictionNumber>1</RestrictionNumber>
  </Restrictions>
  <Restrictions>
    <CollectionName>namespace Framework.Traces</CollectionName>
    <RestrictionName>ViewSchema</RestrictionName>
    <RestrictionDefault>view_schema</RestrictionDefault>
    <RestrictionNumber>2</RestrictionNumber>
  </Restrictions>
  <Restrictions>
    <CollectionName>namespace Framework.Traces</CollectionName>
    <RestrictionName>ViewName</RestrictionName>
    <RestrictionDefault>view_name</RestrictionDefault>
    <RestrictionNumber>3</RestrictionNumber>
  </Restrictions>
  <Restrictions>
    <CollectionName>namespace Framework.Traces</CollectionName>
    <RestrictionName>Name</RestrictionName>
    <RestrictionDefault>column_name</RestrictionDefault>
    <RestrictionNumber>4</RestrictionNumber>
  </Restrictions>
  <Restrictions>
    <CollectionName>Views</CollectionName>
    <RestrictionName>Catalog</RestrictionName>
    <RestrictionDefault>view_catalog</RestrictionDefault>
    <RestrictionNumber>1</RestrictionNumber>
  </Restrictions>
  <Restrictions>
    <CollectionName>Views</CollectionName>
    <RestrictionName>Schema</RestrictionName>
    <RestrictionDefault>view_schema</RestrictionDefault>
    <RestrictionNumber>2</RestrictionNumber>
  </Restrictions>
  <Restrictions>
    <CollectionName>Views</CollectionName>
    <RestrictionName>Name</RestrictionName>
    <RestrictionDefault>view_name</RestrictionDefault>
    <RestrictionNumber>3</RestrictionNumber>
  </Restrictions>
  <DataSourceInformation>
    <CompositeIdentifierSeparatorPattern>.</CompositeIdentifierSeparatorPattern>
    <DataSourceProductName>Firebird</DataSourceProductName>
    <GroupByBehavior>2</GroupByBehavior>
    <IdentifierPattern>(^\[\p{Lo}\p{Lu}\p{Ll}_@#][\p{Lo}\p{Lu}\p{Ll}\p{Nd}@$#_]*$)|(^\[[^\]\0]|\]\]+\]$)|(^\"[^\"\0]|\"\"+\"$)</IdentifierPattern>
    <IdentifierCase>1</IdentifierCase>
    <OrderByColumnsInSelect>false</OrderByColumnsInSelect>
    <ParameterMarkerFormat>{0}</ParameterMarkerFormat>
    <ParameterMarkerPattern>@[\p{Lo}\p{Lu}\p{Ll}\p{Lm}_@#][\p{Lo}\p{Lu}\p{Ll}\p{Lm}\p{Nd}\uff3f_@#\$]*(?=\s+|$)</ParameterMarkerPattern>
    <ParameterNameMaxLength>128</ParameterNameMaxLength>
    <ParameterNamePattern>^[\p{Lo}\p{Lu}\p{Ll}\p{Lm}_@#][\p{Lo}\p{Lu}\p{Ll}\p{Lm}\p{Nd}\uff3f_@#\$]*(?=\s+|$)</ParameterNamePattern>
    <QuotedIdentifierPattern>"^(([^"]|"")*)$"</QuotedIdentifierPattern>
    <QuotedIdentifierCase>2</QuotedIdentifierCase>
    <StatementSeparatorPattern>;</StatementSeparatorPattern>
    <StringLiteralPattern>'(([^']|'')*)'</StringLiteralPattern>
    <SupportedJoinOperators>15</SupportedJoinOperators>
  </DataSourceInformation>
  <DataTypes>
    <TypeName>array</TypeName>
    <ProviderDbType>0</ProviderDbType>
    <ColumnSize>2147483647</ColumnSize>
    <CreateFormat />
    <CreateParameters />
    <DataType>System.Array</DataType>
    <IsAutoIncrementable>false</IsAutoIncrementable>
    <IsBestMatch>false</IsBestMatch>
    <IsCaseSensitive>false</IsCaseSensitive>
    <IsFixedLength>false</IsFixedLength>
    <IsFixedPrecisionScale>false</IsFixedPrecisionScale>
    <IsLong>true</IsLong>
    <IsNullable>true</IsNullable>
    <IsSearchable>false</IsSearchable>
    <IsSearchableWithLike>false</IsSearchableWithLike>
    <IsUnsigned>false</IsUnsigned>
    <MaximumScale>0</MaximumScale>
    <MinimumScale>0</MinimumScale>
    <IsConcurrencyType>false</IsConcurrencyType>
    <IsLiteralSupported>false</IsLiteralSupported>
    <DbType>13</DbType>
  </DataTypes>
  <DataTypes>
    <TypeName>bigint</TypeName>
    <ProviderDbType>1</ProviderDbType>
    <ColumnSize>8</ColumnSize>
    <CreateFormat />
    <CreateParameters />
    <DataType>System.Int64</DataType>
    <IsAutoIncrementable>false</IsAutoIncrementable>
    <IsBestMatch>false</IsBestMatch>
    <IsCaseSensitive>false</IsCaseSensitive>
    <IsFixedLength>false</IsFixedLength>
    <IsFixedPrecisionScale>false</IsFixedPrecisionScale>
    <IsLong>false</IsLong>
    <IsNullable>true</IsNullable>
    <IsSearchable>true</IsSearchable>
    <IsSearchableWithLike>true</IsSearchableWithLike>
    <IsUnsigned>false</IsUnsigned>
    <MaximumScale>0</MaximumScale>
    <MinimumScale>0</MinimumScale>
    <IsConcurrencyType>false</IsConcurrencyType>
    <IsLiteralSupported>false</IsLiteralSupported>
    <DbType>12</DbType>
  </DataTypes>
  <DataTypes>
    <TypeName>blob</TypeName>
    <ProviderDbType>2</ProviderDbType>
    <ColumnSize>2147483647</ColumnSize>
    <CreateFormat />
    <CreateParameters />
    <DataType>System.Byte[]</DataType>
    <IsAutoIncrementable>false</IsAutoIncrementable>
    <IsBestMatch>false</IsBestMatch>
    <IsCaseSensitive>false</IsCaseSensitive>
    <IsFixedLength>false</IsFixedLength>
    <IsFixedPrecisionScale>false</IsFixedPrecisionScale>
    <IsLong>true</IsLong>
    <IsNullable>true</IsNullable>
    <IsSearchable>false</IsSearchable>
    <IsSearchableWithLike>false</IsSearchableWithLike>
    <IsUnsigned>false</IsUnsigned>
    <MaximumScale>0</MaximumScale>
    <MinimumScale>0</MinimumScale>
    <IsConcurrencyType>false</IsConcurrencyType>
    <IsLiteralSupported>false</IsLiteralSupported>
    <DbType>1</DbType>
  </DataTypes>
  <DataTypes>
    <TypeName>char</TypeName>
    <ProviderDbType>4</ProviderDbType>
    <ColumnSize>32767</ColumnSize>
    <CreateFormat />
    <CreateParameters>length</CreateParameters>
    <DataType>System.String</DataType>
    <IsAutoIncrementable>false</IsAutoIncrementable>
    <IsBestMatch>false</IsBestMatch>
    <IsCaseSensitive>true</IsCaseSensitive>
    <IsFixedLength>false</IsFixedLength>
    <IsFixedPrecisionScale>false</IsFixedPrecisionScale>
    <IsLong>false</IsLong>
    <IsNullable>true</IsNullable>
    <IsSearchable>true</IsSearchable>
    <IsSearchableWithLike>true</IsSearchableWithLike>
    <IsUnsigned>false</IsUnsigned>
    <MaximumScale>0</MaximumScale>
    <MinimumScale>0</MinimumScale>
    <IsConcurrencyType>false</IsConcurrencyType>
    <IsLiteralSupported>true</IsLiteralSupported>
    <LiteralPrefix>'</LiteralPrefix>
    <LiteralSuffix>'</LiteralSuffix>
    <DbType>23</DbType>
  </DataTypes>
  <DataTypes>
    <TypeName>date</TypeName>
    <ProviderDbType>5</ProviderDbType>
    <ColumnSize>4</ColumnSize>
    <CreateFormat />
    <CreateParameters />
    <DataType>System.DateTime</DataType>
    <IsAutoIncrementable>false</IsAutoIncrementable>
    <IsBestMatch>false</IsBestMatch>
    <IsCaseSensitive>false</IsCaseSensitive>
    <IsFixedLength>false</IsFixedLength>
    <IsFixedPrecisionScale>false</IsFixedPrecisionScale>
    <IsLong>false</IsLong>
    <IsNullable>true</IsNullable>
    <IsSearchable>true</IsSearchable>
    <IsSearchableWithLike>true</IsSearchableWithLike>
    <IsUnsigned>false</IsUnsigned>
    <MaximumScale>0</MaximumScale>
    <MinimumScale>0</MinimumScale>
    <IsConcurrencyType>false</IsConcurrencyType>
    <DbType>5</DbType>
  </DataTypes>
  <DataTypes>
    <TypeName>decimal</TypeName>
    <ProviderDbType>6</ProviderDbType>
    <ColumnSize>0</ColumnSize>
    <CreateFormat />
    <CreateParameters>precision,scale</CreateParameters>
    <DataType>System.Decimal</DataType>
    <IsAutoIncrementable>false</IsAutoIncrementable>
    <IsBestMatch>false</IsBestMatch>
    <IsCaseSensitive>false</IsCaseSensitive>
    <IsFixedLength>false</IsFixedLength>
    <IsFixedPrecisionScale>false</IsFixedPrecisionScale>
    <IsLong>false</IsLong>
    <IsNullable>true</IsNullable>
    <IsSearchable>true</IsSearchable>
    <IsSearchableWithLike>true</IsSearchableWithLike>
    <IsUnsigned>false</IsUnsigned>
    <MaximumScale>18</MaximumScale>
    <MinimumScale>0</MinimumScale>
    <IsConcurrencyType>false</IsConcurrencyType>
    <DbType>7</DbType>
  </DataTypes>
  <DataTypes>
    <TypeName>double precision</TypeName>
    <ProviderDbType>7</ProviderDbType>
    <ColumnSize>8</ColumnSize>
    <CreateFormat />
    <CreateParameters />
    <DataType>System.Double</DataType>
    <IsAutoIncrementable>false</IsAutoIncrementable>
    <IsBestMatch>false</IsBestMatch>
    <IsCaseSensitive>false</IsCaseSensitive>
    <IsFixedLength>false</IsFixedLength>
    <IsFixedPrecisionScale>false</IsFixedPrecisionScale>
    <IsLong>false</IsLong>
    <IsNullable>true</IsNullable>
    <IsSearchable>true</IsSearchable>
    <IsSearchableWithLike>true</IsSearchableWithLike>
    <IsUnsigned>false</IsUnsigned>
    <MaximumScale>0</MaximumScale>
    <MinimumScale>0</MinimumScale>
    <IsConcurrencyType>false</IsConcurrencyType>
    <DbType>8</DbType>
  </DataTypes>
  <DataTypes>
    <TypeName>float</TypeName>
    <ProviderDbType>8</ProviderDbType>
    <ColumnSize>4</ColumnSize>
    <CreateFormat />
    <CreateParameters />
    <DataType>System.Single</DataType>
    <IsAutoIncrementable>false</IsAutoIncrementable>
    <IsBestMatch>false</IsBestMatch>
    <IsCaseSensitive>false</IsCaseSensitive>
    <IsFixedLength>false</IsFixedLength>
    <IsFixedPrecisionScale>false</IsFixedPrecisionScale>
    <IsLong>false</IsLong>
    <IsNullable>true</IsNullable>
    <IsSearchable>true</IsSearchable>
    <IsSearchableWithLike>true</IsSearchableWithLike>
    <IsUnsigned>false</IsUnsigned>
    <MaximumScale>0</MaximumScale>
    <MinimumScale>0</MinimumScale>
    <IsConcurrencyType>false</IsConcurrencyType>
    <DbType>15</DbType>
  </DataTypes>
  <DataTypes>
    <TypeName>integer</TypeName>
    <ProviderDbType>10</ProviderDbType>
    <ColumnSize>4</ColumnSize>
    <CreateFormat />
    <CreateParameters />
    <DataType>System.Int32</DataType>
    <IsAutoIncrementable>false</IsAutoIncrementable>
    <IsBestMatch>false</IsBestMatch>
    <IsCaseSensitive>false</IsCaseSensitive>
    <IsFixedLength>false</IsFixedLength>
    <IsFixedPrecisionScale>false</IsFixedPrecisionScale>
    <IsLong>false</IsLong>
    <IsNullable>true</IsNullable>
    <IsSearchable>true</IsSearchable>
    <IsSearchableWithLike>true</IsSearchableWithLike>
    <IsUnsigned>false</IsUnsigned>
    <MaximumScale>0</MaximumScale>
    <MinimumScale>0</MinimumScale>
    <IsConcurrencyType>false</IsConcurrencyType>
    <DbType>11</DbType>
  </DataTypes>
  <DataTypes>
    <TypeName>numeric</TypeName>
    <ProviderDbType>11</ProviderDbType>
    <ColumnSize>0</ColumnSize>
    <CreateFormat />
    <CreateParameters>precision,scale</CreateParameters>
    <DataType>System.Decimal</DataType>
    <IsAutoIncrementable>false</IsAutoIncrementable>
    <IsBestMatch>false</IsBestMatch>
    <IsCaseSensitive>false</IsCaseSensitive>
    <IsFixedLength>false</IsFixedLength>
    <IsFixedPrecisionScale>false</IsFixedPrecisionScale>
    <IsLong>false</IsLong>
    <IsNullable>true</IsNullable>
    <IsSearchable>true</IsSearchable>
    <IsSearchableWithLike>true</IsSearchableWithLike>
    <IsUnsigned>false</IsUnsigned>
    <MaximumScale>18</MaximumScale>
    <MinimumScale>0</MinimumScale>
    <IsConcurrencyType>false</IsConcurrencyType>
    <DbType>7</DbType>
  </DataTypes>
  <DataTypes>
    <TypeName>smallint</TypeName>
    <ProviderDbType>12</ProviderDbType>
    <ColumnSize>2</ColumnSize>
    <CreateFormat />
    <CreateParameters />
    <DataType>System.Int16</DataType>
    <IsAutoIncrementable>false</IsAutoIncrementable>
    <IsBestMatch>false</IsBestMatch>
    <IsCaseSensitive>false</IsCaseSensitive>
    <IsFixedLength>false</IsFixedLength>
    <IsFixedPrecisionScale>false</IsFixedPrecisionScale>
    <IsLong>false</IsLong>
    <IsNullable>true</IsNullable>
    <IsSearchable>true</IsSearchable>
    <IsSearchableWithLike>true</IsSearchableWithLike>
    <IsUnsigned>false</IsUnsigned>
    <MaximumScale>0</MaximumScale>
    <MinimumScale>0</MinimumScale>
    <IsConcurrencyType>false</IsConcurrencyType>
    <DbType>10</DbType>
  </DataTypes>
  <DataTypes>
    <TypeName>blob sub_type 1</TypeName>
    <ProviderDbType>13</ProviderDbType>
    <ColumnSize>2147483647</ColumnSize>
    <CreateFormat />
    <CreateParameters />
    <DataType>System.String</DataType>
    <IsAutoIncrementable>false</IsAutoIncrementable>
    <IsBestMatch>false</IsBestMatch>
    <IsCaseSensitive>true</IsCaseSensitive>
    <IsFixedLength>false</IsFixedLength>
    <IsFixedPrecisionScale>false</IsFixedPrecisionScale>
    <IsLong>true</IsLong>
    <IsNullable>true</IsNullable>
    <IsSearchable>true</IsSearchable>
    <IsSearchableWithLike>true</IsSearchableWithLike>
    <IsUnsigned>false</IsUnsigned>
    <MaximumScale>0</MaximumScale>
    <MinimumScale>0</MinimumScale>
    <IsConcurrencyType>false</IsConcurrencyType>
    <IsLiteralSupported>true</IsLiteralSupported>
    <LiteralPrefix>'</LiteralPrefix>
    <LiteralSuffix>'</LiteralSuffix>
    <DbType>16</DbType>
  </DataTypes>
  <DataTypes>
    <TypeName>time</TypeName>
    <ProviderDbType>14</ProviderDbType>
    <ColumnSize>4</ColumnSize>
    <CreateFormat />
    <CreateParameters />
    <DataType>System.TimeSpan</DataType>
    <IsAutoIncrementable>false</IsAutoIncrementable>
    <IsBestMatch>false</IsBestMatch>
    <IsCaseSensitive>false</IsCaseSensitive>
    <IsFixedLength>false</IsFixedLength>
    <IsFixedPrecisionScale>false</IsFixedPrecisionScale>
    <IsLong>false</IsLong>
    <IsNullable>true</IsNullable>
    <IsSearchable>true</IsSearchable>
    <IsSearchableWithLike>true</IsSearchableWithLike>
    <IsUnsigned>false</IsUnsigned>
    <MaximumScale>0</MaximumScale>
    <MinimumScale>0</MinimumScale>
    <IsConcurrencyType>false</IsConcurrencyType>
    <DbType>17</DbType>
  </DataTypes>
  <DataTypes>
    <TypeName>timestamp</TypeName>
    <ProviderDbType>15</ProviderDbType>
    <ColumnSize>8</ColumnSize>
    <CreateFormat />
    <CreateParameters />
    <DataType>System.DateTime</DataType>
    <IsAutoIncrementable>false</IsAutoIncrementable>
    <IsBestMatch>false</IsBestMatch>
    <IsCaseSensitive>false</IsCaseSensitive>
    <IsFixedLength>false</IsFixedLength>
    <IsFixedPrecisionScale>false</IsFixedPrecisionScale>
    <IsLong>false</IsLong>
    <IsNullable>true</IsNullable>
    <IsSearchable>true</IsSearchable>
    <IsSearchableWithLike>true</IsSearchableWithLike>
    <IsUnsigned>false</IsUnsigned>
    <MaximumScale>0</MaximumScale>
    <MinimumScale>0</MinimumScale>
    <IsConcurrencyType>false</IsConcurrencyType>
    <DbType>6</DbType>
  </DataTypes>
  <DataTypes>
    <TypeName>varchar</TypeName>
    <ProviderDbType>16</ProviderDbType>
    <ColumnSize>32767</ColumnSize>
    <CreateFormat />
    <CreateParameters>length</CreateParameters>
    <DataType>System.String</DataType>
    <IsAutoIncrementable>false</IsAutoIncrementable>
    <IsBestMatch>false</IsBestMatch>
    <IsCaseSensitive>true</IsCaseSensitive>
    <IsFixedLength>false</IsFixedLength>
    <IsFixedPrecisionScale>false</IsFixedPrecisionScale>
    <IsLong>false</IsLong>
    <IsNullable>true</IsNullable>
    <IsSearchable>true</IsSearchable>
    <IsSearchableWithLike>true</IsSearchableWithLike>
    <IsUnsigned>false</IsUnsigned>
    <MaximumScale>0</MaximumScale>
    <MinimumScale>0</MinimumScale>
    <IsConcurrencyType>false</IsConcurrencyType>
    <IsLiteralSupported>true</IsLiteralSupported>
    <LiteralPrefix>'</LiteralPrefix>
    <LiteralSuffix>'</LiteralSuffix>
    <DbType>16</DbType>
  </DataTypes>
  <ReservedWords>
    <ReservedWord>ACTION</ReservedWord>
  </ReservedWords>
  <ReservedWords>
    <ReservedWord>ACTIVE</ReservedWord>
  </ReservedWords>
  <ReservedWords>
    <ReservedWord>ADD</ReservedWord>
  </ReservedWords>
  <ReservedWords>
    <ReservedWord>ADMIN</ReservedWord>
  </ReservedWords>
  <ReservedWords>
    <ReservedWord>AFTER</ReservedWord>
  </ReservedWords>
  <ReservedWords>
    <ReservedWord>ALL</ReservedWord>
  </ReservedWords>
  <ReservedWords>
    <ReservedWord>ALTER</ReservedWord>
  </ReservedWords>
  <ReservedWords>
    <ReservedWord>AND</ReservedWord>
  </ReservedWords>
  <ReservedWords>
    <ReservedWord>ANY</ReservedWord>
  </ReservedWords>
  <ReservedWords>
    <ReservedWord>AS</ReservedWord>
  </ReservedWords>
  <ReservedWords>
    <ReservedWord>ASC</ReservedWord>
  </ReservedWords>
  <ReservedWords>
    <ReservedWord>ASCENDING</ReservedWord>
  </ReservedWords>
  <ReservedWords>
    <ReservedWord>AT</ReservedWord>
  </ReservedWords>
  <ReservedWords>
    <ReservedWord>AUTO</ReservedWord>
  </ReservedWords>
  <ReservedWords>
    <ReservedWord>AVG</ReservedWord>
  </ReservedWords>
  <ReservedWords>
    <ReservedWord>BASE_NAME</ReservedWord>
  </ReservedWords>
  <ReservedWords>
    <ReservedWord>BEFORE</ReservedWord>
  </ReservedWords>
  <ReservedWords>
    <ReservedWord>BEGIN</ReservedWord>
  </ReservedWords>
  <ReservedWords>
    <ReservedWord>BETWEEN</ReservedWord>
  </ReservedWords>
  <ReservedWords>
    <ReservedWord>BIGINT</ReservedWord>
  </ReservedWords>
  <ReservedWords>
    <ReservedWord>BLOB</ReservedWord>
  </ReservedWords>
  <ReservedWords>
    <ReservedWord>BREAK</ReservedWord>
  </ReservedWords>
  <ReservedWords>
    <ReservedWord>BY</ReservedWord>
  </ReservedWords>
  <ReservedWords>
    <ReservedWord>CACHE</ReservedWord>
  </ReservedWords>
  <ReservedWords>
    <ReservedWord>CASCADE</ReservedWord>
  </ReservedWords>
  <ReservedWords>
    <ReservedWord>CASE</ReservedWord>
  </ReservedWords>
  <ReservedWords>
    <ReservedWord>CAST</ReservedWord>
  </ReservedWords>
  <ReservedWords>
    <ReservedWord>CHAR</ReservedWord>
  </ReservedWords>
  <ReservedWords>
    <ReservedWord>CHARACTER</ReservedWord>
  </ReservedWords>
  <ReservedWords>
    <ReservedWord>CHECK</ReservedWord>
  </ReservedWords>
  <ReservedWords>
    <ReservedWord>CHECK_POINT_LENGTH</ReservedWord>
  </ReservedWords>
  <ReservedWords>
    <ReservedWord>COALESCE</ReservedWord>
  </ReservedWords>
  <ReservedWords>
    <ReservedWord>COLLATE</ReservedWord>
  </ReservedWords>
  <ReservedWords>
    <ReservedWord>COLUMN</ReservedWord>
  </ReservedWords>
  <ReservedWords>
    <ReservedWord>COMMIT</ReservedWord>
  </ReservedWords>
  <ReservedWords>
    <ReservedWord>COMMITTED</ReservedWord>
  </ReservedWords>
  <ReservedWords>
    <ReservedWord>COMPUTED</ReservedWord>
  </ReservedWords>
  <ReservedWords>
    <ReservedWord>CONDITIONAL</ReservedWord>
  </ReservedWords>
  <ReservedWords>
    <ReservedWord>CONNECTION_ID</ReservedWord>
  </ReservedWords>
  <ReservedWords>
    <ReservedWord>CONSTRAINT</ReservedWord>
  </ReservedWords>
  <ReservedWords>
    <ReservedWord>CONTAINING</ReservedWord>
  </ReservedWords>
  <ReservedWords>
    <ReservedWord>COUNT</ReservedWord>
  </ReservedWords>
  <ReservedWords>
    <ReservedWord>CREATE</ReservedWord>
  </ReservedWords>
  <ReservedWords>
    <ReservedWord>CSTRING</ReservedWord>
  </ReservedWords>
  <ReservedWords>
    <ReservedWord>CURRENT</ReservedWord>
  </ReservedWords>
  <ReservedWords>
    <ReservedWord>CURRENT_DATE</ReservedWord>
  </ReservedWords>
  <ReservedWords>
    <ReservedWord>CURRENT_ROLE</ReservedWord>
  </ReservedWords>
  <ReservedWords>
    <ReservedWord>CURRENT_TIME</ReservedWord>
  </ReservedWords>
  <ReservedWords>
    <ReservedWord>CURRENT_TIMESTAMP</ReservedWord>
  </ReservedWords>
  <ReservedWords>
    <ReservedWord>CURRENT_USER</ReservedWord>
  </ReservedWords>
  <ReservedWords>
    <ReservedWord>CURSOR</ReservedWord>
  </ReservedWords>
  <ReservedWords>
    <ReservedWord>DATABASE</ReservedWord>
  </ReservedWords>
  <ReservedWords>
    <ReservedWord>DATE</ReservedWord>
  </ReservedWords>
  <ReservedWords>
    <ReservedWord>DAY</ReservedWord>
  </ReservedWords>
  <ReservedWords>
    <ReservedWord>DEBUG</ReservedWord>
  </ReservedWords>
  <ReservedWords>
    <ReservedWord>DEC</ReservedWord>
  </ReservedWords>
  <ReservedWords>
    <ReservedWord>DECIMAL</ReservedWord>
  </ReservedWords>
  <ReservedWords>
    <ReservedWord>DECLARE</ReservedWord>
  </ReservedWords>
  <ReservedWords>
    <ReservedWord>DEFAULT</ReservedWord>
  </ReservedWords>
  <ReservedWords>
    <ReservedWord>DELETE</ReservedWord>
  </ReservedWords>
  <ReservedWords>
    <ReservedWord>DESC</ReservedWord>
  </ReservedWords>
  <ReservedWords>
    <ReservedWord>DESCENDING</ReservedWord>
  </ReservedWords>
  <ReservedWords>
    <ReservedWord>DESCRIPTOR</ReservedWord>
  </ReservedWords>
  <ReservedWords>
    <ReservedWord>DISTINCT</ReservedWord>
  </ReservedWords>
  <ReservedWords>
    <ReservedWord>DO</ReservedWord>
  </ReservedWords>
  <ReservedWords>
    <ReservedWord>DOMAIN</ReservedWord>
  </ReservedWords>
  <ReservedWords>
    <ReservedWord>DOUBLE</ReservedWord>
  </ReservedWords>
  <ReservedWords>
    <ReservedWord>DROP</ReservedWord>
  </ReservedWords>
  <ReservedWords>
    <ReservedWord>ELSE</ReservedWord>
  </ReservedWords>
  <ReservedWords>
    <ReservedWord>END</ReservedWord>
  </ReservedWords>
  <ReservedWords>
    <ReservedWord>ENTRY_POINT</ReservedWord>
  </ReservedWords>
  <ReservedWords>
    <ReservedWord>ESCAPE</ReservedWord>
  </ReservedWords>
  <ReservedWords>
    <ReservedWord>EXCEPTION</ReservedWord>
  </ReservedWords>
  <ReservedWords>
    <ReservedWord>EXECUTE</ReservedWord>
  </ReservedWords>
  <ReservedWords>
    <ReservedWord>EXISTS</ReservedWord>
  </ReservedWords>
  <ReservedWords>
    <ReservedWord>EXIT</ReservedWord>
  </ReservedWords>
  <ReservedWords>
    <ReservedWord>EXTERNAL</ReservedWord>
  </ReservedWords>
  <ReservedWords>
    <ReservedWord>EXTRACT</ReservedWord>
  </ReservedWords>
  <ReservedWords>
    <ReservedWord>FILE</ReservedWord>
  </ReservedWords>
  <ReservedWords>
    <ReservedWord>FILTER</ReservedWord>
  </ReservedWords>
  <ReservedWords>
    <ReservedWord>FIRST</ReservedWord>
  </ReservedWords>
  <ReservedWords>
    <ReservedWord>FLOAT</ReservedWord>
  </ReservedWords>
  <ReservedWords>
    <ReservedWord>FOR</ReservedWord>
  </ReservedWords>
  <ReservedWords>
    <ReservedWord>FOREIGN</ReservedWord>
  </ReservedWords>
  <ReservedWords>
    <ReservedWord>FREE_IT</ReservedWord>
  </ReservedWords>
  <ReservedWords>
    <ReservedWord>FROM</ReservedWord>
  </ReservedWords>
  <ReservedWords>
    <ReservedWord>FULL</ReservedWord>
  </ReservedWords>
  <ReservedWords>
    <ReservedWord>FUNCTION</ReservedWord>
  </ReservedWords>
  <ReservedWords>
    <ReservedWord>GDSCODE</ReservedWord>
  </ReservedWords>
  <ReservedWords>
    <ReservedWord>GENERATOR</ReservedWord>
  </ReservedWords>
  <ReservedWords>
    <ReservedWord>GEN_ID</ReservedWord>
  </ReservedWords>
  <ReservedWords>
    <ReservedWord>GRANT</ReservedWord>
  </ReservedWords>
  <ReservedWords>
    <ReservedWord>GROUP</ReservedWord>
  </ReservedWords>
  <ReservedWords>
    <ReservedWord>GROUP_COMMIT_WAIT_TIME</ReservedWord>
  </ReservedWords>
  <ReservedWords>
    <ReservedWord>HAVING</ReservedWord>
  </ReservedWords>
  <ReservedWords>
    <ReservedWord>HOUR</ReservedWord>
  </ReservedWords>
  <ReservedWords>
    <ReservedWord>IF</ReservedWord>
  </ReservedWords>
  <ReservedWords>
    <ReservedWord>IN</ReservedWord>
  </ReservedWords>
  <ReservedWords>
    <ReservedWord>INACTIVE</ReservedWord>
  </ReservedWords>
  <ReservedWords>
    <ReservedWord>INDEX</ReservedWord>
  </ReservedWords>
  <ReservedWords>
    <ReservedWord>INNER</ReservedWord>
  </ReservedWords>
  <ReservedWords>
    <ReservedWord>INPUT_TYPE</ReservedWord>
  </ReservedWords>
  <ReservedWords>
    <ReservedWord>INSERT</ReservedWord>
  </ReservedWords>
  <ReservedWords>
    <ReservedWord>INT</ReservedWord>
  </ReservedWords>
  <ReservedWords>
    <ReservedWord>INTEGER</ReservedWord>
  </ReservedWords>
  <ReservedWords>
    <ReservedWord>INTO</ReservedWord>
  </ReservedWords>
  <ReservedWords>
    <ReservedWord>IS</ReservedWord>
  </ReservedWords>
  <ReservedWords>
    <ReservedWord>ISOLATION</ReservedWord>
  </ReservedWords>
  <ReservedWords>
    <ReservedWord>JOIN</ReservedWord>
  </ReservedWords>
  <ReservedWords>
    <ReservedWord>KEY</ReservedWord>
  </ReservedWords>
  <ReservedWords>
    <ReservedWord>LAST</ReservedWord>
  </ReservedWords>
  <ReservedWords>
    <ReservedWord>LEFT</ReservedWord>
  </ReservedWords>
  <ReservedWords>
    <ReservedWord>LENGTH</ReservedWord>
  </ReservedWords>
  <ReservedWords>
    <ReservedWord>LEVEL</ReservedWord>
  </ReservedWords>
  <ReservedWords>
    <ReservedWord>LIKE</ReservedWord>
  </ReservedWords>
  <ReservedWords>
    <ReservedWord>LOGFILE</ReservedWord>
  </ReservedWords>
  <ReservedWords>
    <ReservedWord>LOG_BUFFER_SIZE</ReservedWord>
  </ReservedWords>
  <ReservedWords>
    <ReservedWord>LONG</ReservedWord>
  </ReservedWords>
  <ReservedWords>
    <ReservedWord>MANUAL</ReservedWord>
  </ReservedWords>
  <ReservedWords>
    <ReservedWord>MAX</ReservedWord>
  </ReservedWords>
  <ReservedWords>
    <ReservedWord>MAXIMUM_SEGMENT</ReservedWord>
  </ReservedWords>
  <ReservedWords>
    <ReservedWord>MERGE</ReservedWord>
  </ReservedWords>
  <ReservedWords>
    <ReservedWord>MESSAGE</ReservedWord>
  </ReservedWords>
  <ReservedWords>
    <ReservedWord>MIN</ReservedWord>
  </ReservedWords>
  <ReservedWords>
    <ReservedWord>MINUTE</ReservedWord>
  </ReservedWords>
  <ReservedWords>
    <ReservedWord>MODULE_NAME</ReservedWord>
  </ReservedWords>
  <ReservedWords>
    <ReservedWord>MONTH</ReservedWord>
  </ReservedWords>
  <ReservedWords>
    <ReservedWord>NAMES</ReservedWord>
  </ReservedWords>
  <ReservedWords>
    <ReservedWord>NATIONAL</ReservedWord>
  </ReservedWords>
  <ReservedWords>
    <ReservedWord>NATURAL</ReservedWord>
  </ReservedWords>
  <ReservedWords>
    <ReservedWord>NCHAR</ReservedWord>
  </ReservedWords>
  <ReservedWords>
    <ReservedWord>NO</ReservedWord>
  </ReservedWords>
  <ReservedWords>
    <ReservedWord>NOT</ReservedWord>
  </ReservedWords>
  <ReservedWords>
    <ReservedWord>NULLIF</ReservedWord>
  </ReservedWords>
  <ReservedWords>
    <ReservedWord>NULL</ReservedWord>
  </ReservedWords>
  <ReservedWords>
    <ReservedWord>NULLS</ReservedWord>
  </ReservedWords>
  <ReservedWords>
    <ReservedWord>LOCK</ReservedWord>
  </ReservedWords>
  <ReservedWords>
    <ReservedWord>NUMERIC</ReservedWord>
  </ReservedWords>
  <ReservedWords>
    <ReservedWord>NUM_LOG_BUFFERS</ReservedWord>
  </ReservedWords>
  <ReservedWords>
    <ReservedWord>OF</ReservedWord>
  </ReservedWords>
  <ReservedWords>
    <ReservedWord>ON</ReservedWord>
  </ReservedWords>
  <ReservedWords>
    <ReservedWord>ONLY</ReservedWord>
  </ReservedWords>
  <ReservedWords>
    <ReservedWord>OPTION</ReservedWord>
  </ReservedWords>
  <ReservedWords>
    <ReservedWord>OR</ReservedWord>
  </ReservedWords>
  <ReservedWords>
    <ReservedWord>ORDER</ReservedWord>
  </ReservedWords>
  <ReservedWords>
    <ReservedWord>OUTER</ReservedWord>
  </ReservedWords>
  <ReservedWords>
    <ReservedWord>OUTPUT_TYPE</ReservedWord>
  </ReservedWords>
  <ReservedWords>
    <ReservedWord>OVERFLOW</ReservedWord>
  </ReservedWords>
  <ReservedWords>
    <ReservedWord>PAGE</ReservedWord>
  </ReservedWords>
  <ReservedWords>
    <ReservedWord>PAGES</ReservedWord>
  </ReservedWords>
  <ReservedWords>
    <ReservedWord>PAGE_SIZE</ReservedWord>
  </ReservedWords>
  <ReservedWords>
    <ReservedWord>PARAMETER</ReservedWord>
  </ReservedWords>
  <ReservedWords>
    <ReservedWord>PASSWORD</ReservedWord>
  </ReservedWords>
  <ReservedWords>
    <ReservedWord>PLAN</ReservedWord>
  </ReservedWords>
  <ReservedWords>
    <ReservedWord>POSITION</ReservedWord>
  </ReservedWords>
  <ReservedWords>
    <ReservedWord>POST_EVENT</ReservedWord>
  </ReservedWords>
  <ReservedWords>
    <ReservedWord>PRECISION</ReservedWord>
  </ReservedWords>
  <ReservedWords>
    <ReservedWord>PRIMARY</ReservedWord>
  </ReservedWords>
  <ReservedWords>
    <ReservedWord>PRIVILEGES</ReservedWord>
  </ReservedWords>
  <ReservedWords>
    <ReservedWord>PROCEDURE</ReservedWord>
  </ReservedWords>
  <ReservedWords>
    <ReservedWord>PROTECTED</ReservedWord>
  </ReservedWords>
  <ReservedWords>
    <ReservedWord>RAW_PARTITIONS</ReservedWord>
  </ReservedWords>
  <ReservedWords>
    <ReservedWord>RDB$DB_KEY</ReservedWord>
  </ReservedWords>
  <ReservedWords>
    <ReservedWord>READ</ReservedWord>
  </ReservedWords>
  <ReservedWords>
    <ReservedWord>REAL</ReservedWord>
  </ReservedWords>
  <ReservedWords>
    <ReservedWord>RECORD_VERSION</ReservedWord>
  </ReservedWords>
  <ReservedWords>
    <ReservedWord>RECREATE</ReservedWord>
  </ReservedWords>
  <ReservedWords>
    <ReservedWord>REFERENCES</ReservedWord>
  </ReservedWords>
  <ReservedWords>
    <ReservedWord>RESERV</ReservedWord>
  </ReservedWords>
  <ReservedWords>
    <ReservedWord>RESERVING</ReservedWord>
  </ReservedWords>
  <ReservedWords>
    <ReservedWord>RESTRICT</ReservedWord>
  </ReservedWords>
  <ReservedWords>
    <ReservedWord>RETAIN</ReservedWord>
  </ReservedWords>
  <ReservedWords>
    <ReservedWord>RETURNING_VALUES</ReservedWord>
  </ReservedWords>
  <ReservedWords>
    <ReservedWord>RETURNS</ReservedWord>
  </ReservedWords>
  <ReservedWords>
    <ReservedWord>REVOKE</ReservedWord>
  </ReservedWords>
  <ReservedWords>
    <ReservedWord>RIGHT</ReservedWord>
  </ReservedWords>
  <ReservedWords>
    <ReservedWord>ROLE</ReservedWord>
  </ReservedWords>
  <ReservedWords>
    <ReservedWord>ROLLBACK</ReservedWord>
  </ReservedWords>
  <ReservedWords>
    <ReservedWord>ROWS_AFFECTED</ReservedWord>
  </ReservedWords>
  <ReservedWords>
    <ReservedWord>SAVEPOINT</ReservedWord>
  </ReservedWords>
  <ReservedWords>
    <ReservedWord>SCHEMA</ReservedWord>
  </ReservedWords>
  <ReservedWords>
    <ReservedWord>SECOND</ReservedWord>
  </ReservedWords>
  <ReservedWords>
    <ReservedWord>SEGMENT</ReservedWord>
  </ReservedWords>
  <ReservedWords>
    <ReservedWord>SELECT</ReservedWord>
  </ReservedWords>
  <ReservedWords>
    <ReservedWord>SET</ReservedWord>
  </ReservedWords>
  <ReservedWords>
    <ReservedWord>SHADOW</ReservedWord>
  </ReservedWords>
  <ReservedWords>
    <ReservedWord>SHARED</ReservedWord>
  </ReservedWords>
  <ReservedWords>
    <ReservedWord>SINGULAR</ReservedWord>
  </ReservedWords>
  <ReservedWords>
    <ReservedWord>SIZE</ReservedWord>
  </ReservedWords>
  <ReservedWords>
    <ReservedWord>SKIP</ReservedWord>
  </ReservedWords>
  <ReservedWords>
    <ReservedWord>SMALLINT</ReservedWord>
  </ReservedWords>
  <ReservedWords>
    <ReservedWord>SNAPSHOT</ReservedWord>
  </ReservedWords>
  <ReservedWords>
    <ReservedWord>SOME</ReservedWord>
  </ReservedWords>
  <ReservedWords>
    <ReservedWord>SORT</ReservedWord>
  </ReservedWords>
  <ReservedWords>
    <ReservedWord>SQLCODE</ReservedWord>
  </ReservedWords>
  <ReservedWords>
    <ReservedWord>STABILITY</ReservedWord>
  </ReservedWords>
  <ReservedWords>
    <ReservedWord>STARTING</ReservedWord>
  </ReservedWords>
  <ReservedWords>
    <ReservedWord>STARTS</ReservedWord>
  </ReservedWords>
  <ReservedWords>
    <ReservedWord>STATISTICS</ReservedWord>
  </ReservedWords>
  <ReservedWords>
    <ReservedWord>SUBSTRING</ReservedWord>
  </ReservedWords>
  <ReservedWords>
    <ReservedWord>SUB_TYPE</ReservedWord>
  </ReservedWords>
  <ReservedWords>
    <ReservedWord>SUM</ReservedWord>
  </ReservedWords>
  <ReservedWords>
    <ReservedWord>SUSPEND</ReservedWord>
  </ReservedWords>
  <ReservedWords>
    <ReservedWord>TABLE</ReservedWord>
  </ReservedWords>
  <ReservedWords>
    <ReservedWord>THEN</ReservedWord>
  </ReservedWords>
  <ReservedWords>
    <ReservedWord>TIME</ReservedWord>
  </ReservedWords>
  <ReservedWords>
    <ReservedWord>TIMESTAMP</ReservedWord>
  </ReservedWords>
  <ReservedWords>
    <ReservedWord>TO</ReservedWord>
  </ReservedWords>
  <ReservedWords>
    <ReservedWord>TRANSACTION</ReservedWord>
  </ReservedWords>
  <ReservedWords>
    <ReservedWord>TRANSACTION_ID</ReservedWord>
  </ReservedWords>
  <ReservedWords>
    <ReservedWord>TRIGGER</ReservedWord>
  </ReservedWords>
  <ReservedWords>
    <ReservedWord>TYPE</ReservedWord>
  </ReservedWords>
  <ReservedWords>
    <ReservedWord>UNCOMMITTED</ReservedWord>
  </ReservedWords>
  <ReservedWords>
    <ReservedWord>UNION</ReservedWord>
  </ReservedWords>
  <ReservedWords>
    <ReservedWord>UNIQUE</ReservedWord>
  </ReservedWords>
  <ReservedWords>
    <ReservedWord>UPDATE</ReservedWord>
  </ReservedWords>
  <ReservedWords>
    <ReservedWord>UPPER</ReservedWord>
  </ReservedWords>
  <ReservedWords>
    <ReservedWord>USER</ReservedWord>
  </ReservedWords>
  <ReservedWords>
    <ReservedWord>USING</ReservedWord>
  </ReservedWords>
  <ReservedWords>
    <ReservedWord>VALUE</ReservedWord>
  </ReservedWords>
  <ReservedWords>
    <ReservedWord>VALUES</ReservedWord>
  </ReservedWords>
  <ReservedWords>
    <ReservedWord>VARCHAR</ReservedWord>
  </ReservedWords>
  <ReservedWords>
    <ReservedWord>VARIABLE</ReservedWord>
  </ReservedWords>
  <ReservedWords>
    <ReservedWord>VARYING</ReservedWord>
  </ReservedWords>
  <ReservedWords>
    <ReservedWord>VIEW</ReservedWord>
  </ReservedWords>
  <ReservedWords>
    <ReservedWord>WAIT</ReservedWord>
  </ReservedWords>
  <ReservedWords>
    <ReservedWord>WEEKDAY</ReservedWord>
  </ReservedWords>
  <ReservedWords>
    <ReservedWord>WHEN</ReservedWord>
  </ReservedWords>
  <ReservedWords>
    <ReservedWord>WHERE</ReservedWord>
  </ReservedWords>
  <ReservedWords>
    <ReservedWord>WHILE</ReservedWord>
  </ReservedWords>
  <ReservedWords>
    <ReservedWord>WITH</ReservedWord>
  </ReservedWords>
  <ReservedWords>
    <ReservedWord>WORK</ReservedWord>
  </ReservedWords>
  <ReservedWords>
    <ReservedWord>WRITE</ReservedWord>
  </ReservedWords>
  <ReservedWords>
    <ReservedWord>YEAR</ReservedWord>
  </ReservedWords>
  <ReservedWords>
    <ReservedWord>YEARDAY</ReservedWord>
  </ReservedWords>
</NewDataSet>
